"filename", "language", "Java Properties", "XML", "JavaScript", "JSON", "HTML", "Batch", "Markdown", "JavaScript JSX", "Java", "comment", "blank", "total"
"c:\Users\SENA\Documents\CarneSena\Front-End\CarnetSena\package.json", "JSON", 0, 0, 0, 12, 0, 0, 0, 0, 0, 0, 1, 13
"c:\Users\SENA\Documents\CarneSena\Front-End\CarnetSena\proyecto\CarnetSena\README.md", "Markdown", 0, 0, 0, 0, 0, 0, 5, 0, 0, 0, 4, 9
"c:\Users\SENA\Documents\CarneSena\Front-End\CarnetSena\proyecto\CarnetSena\eslint.config.js", "JavaScript", 0, 0, 37, 0, 0, 0, 0, 0, 0, 0, 2, 39
"c:\Users\SENA\Documents\CarneSena\Front-End\CarnetSena\proyecto\CarnetSena\index.html", "HTML", 0, 0, 0, 0, 13, 0, 0, 0, 0, 0, 1, 14
"c:\Users\SENA\Documents\CarneSena\Front-End\CarnetSena\proyecto\CarnetSena\package-lock.json", "JSON", 0, 0, 0, 4234, 0, 0, 0, 0, 0, 0, 1, 4235
"c:\Users\SENA\Documents\CarneSena\Front-End\CarnetSena\proyecto\CarnetSena\package.json", "JSON", 0, 0, 0, 28, 0, 0, 0, 0, 0, 0, 1, 29
"c:\Users\SENA\Documents\CarneSena\Front-End\CarnetSena\proyecto\CarnetSena\public\vite.svg", "XML", 0, 1, 0, 0, 0, 0, 0, 0, 0, 0, 0, 1
"c:\Users\SENA\Documents\CarneSena\Front-End\CarnetSena\proyecto\CarnetSena\src\assets\react.svg", "XML", 0, 1, 0, 0, 0, 0, 0, 0, 0, 0, 0, 1
"c:\Users\SENA\Documents\CarneSena\Front-End\CarnetSena\proyecto\CarnetSena\src\main.jsx", "JavaScript JSX", 0, 0, 0, 0, 0, 0, 0, 6, 0, 0, 3, 9
"c:\Users\SENA\Documents\CarneSena\Front-End\CarnetSena\proyecto\CarnetSena\vite.config.js", "JavaScript", 0, 0, 5, 0, 0, 0, 0, 0, 0, 1, 2, 8
"c:\Users\SENA\Documents\CarneSena\carnesena\.mvn\wrapper\maven-wrapper.properties", "Java Properties", 3, 0, 0, 0, 0, 0, 0, 0, 0, 16, 1, 20
"c:\Users\SENA\Documents\CarneSena\carnesena\mvnw.cmd", "Batch", 0, 0, 0, 0, 0, 108, 0, 0, 0, 26, 16, 150
"c:\Users\SENA\Documents\CarneSena\carnesena\pom.xml", "XML", 0, 125, 0, 0, 0, 0, 0, 0, 0, 0, 4, 129
"c:\Users\SENA\Documents\CarneSena\carnesena\src\main\java\com\proyecto\carnesena\CarnesenaApplication.java", "Java", 0, 0, 0, 0, 0, 0, 0, 0, 9, 0, 5, 14
"c:\Users\SENA\Documents\CarneSena\carnesena\src\main\java\com\proyecto\carnesena\Jwt\JwtAuthenticationFilter.java", "Java", 0, 0, 0, 0, 0, 0, 0, 0, 30, 0, 12, 42
"c:\Users\SENA\Documents\CarneSena\carnesena\src\main\java\com\proyecto\carnesena\config\ApplicationConfig.java", "Java", 0, 0, 0, 0, 0, 0, 0, 0, 38, 0, 11, 49
"c:\Users\SENA\Documents\CarneSena\carnesena\src\main\java\com\proyecto\carnesena\config\securityConfig.java", "Java", 0, 0, 0, 0, 0, 0, 0, 0, 37, 0, 10, 47
"c:\Users\SENA\Documents\CarneSena\carnesena\src\main\java\com\proyecto\carnesena\controller\AuthService.java", "Java", 0, 0, 0, 0, 0, 0, 0, 0, 42, 0, 11, 53
"c:\Users\SENA\Documents\CarneSena\carnesena\src\main\java\com\proyecto\carnesena\controller\adminController.java", "Java", 0, 0, 0, 0, 0, 0, 0, 0, 14, 0, 5, 19
"c:\Users\SENA\Documents\CarneSena\carnesena\src\main\java\com\proyecto\carnesena\controller\adminPublicController.java", "Java", 0, 0, 0, 0, 0, 0, 0, 0, 26, 0, 11, 37
"c:\Users\SENA\Documents\CarneSena\carnesena\src\main\java\com\proyecto\carnesena\interfaces\Iadmin.java", "Java", 0, 0, 0, 0, 0, 0, 0, 0, 7, 0, 8, 15
"c:\Users\SENA\Documents\CarneSena\carnesena\src\main\java\com\proyecto\carnesena\model\Admin.java", "Java", 0, 0, 0, 0, 0, 0, 0, 0, 55, 18, 20, 93
"c:\Users\SENA\Documents\CarneSena\carnesena\src\main\java\com\proyecto\carnesena\model\AuthResponse.java", "Java", 0, 0, 0, 0, 0, 0, 0, 0, 10, 0, 3, 13
"c:\Users\SENA\Documents\CarneSena\carnesena\src\main\java\com\proyecto\carnesena\model\LoginRequest.java", "Java", 0, 0, 0, 0, 0, 0, 0, 0, 13, 0, 3, 16
"c:\Users\SENA\Documents\CarneSena\carnesena\src\main\java\com\proyecto\carnesena\model\RegisterRequest.java", "Java", 0, 0, 0, 0, 0, 0, 0, 0, 15, 0, 3, 18
"c:\Users\SENA\Documents\CarneSena\carnesena\src\main\java\com\proyecto\carnesena\model\role.java", "Java", 0, 0, 0, 0, 0, 0, 0, 0, 5, 0, 2, 7
"c:\Users\SENA\Documents\CarneSena\carnesena\src\main\java\com\proyecto\carnesena\service\JwtService.java", "Java", 0, 0, 0, 0, 0, 0, 0, 0, 32, 0, 10, 42
"c:\Users\SENA\Documents\CarneSena\carnesena\src\main\resources\application.properties", "Java Properties", 8, 0, 0, 0, 0, 0, 0, 0, 0, 1, 1, 10
"c:\Users\SENA\Documents\CarneSena\carnesena\src\test\java\com\proyecto\carnesena\CarnesenaApplicationTests.java", "Java", 0, 0, 0, 0, 0, 0, 0, 0, 9, 0, 5, 14
"Total", "-", 11, 127, 42, 4274, 13, 108, 5, 6, 342, 62, 156, 5146